java.org.apache.commons.cli.PosixParser,2,0,0,
java.org.apache.commons.cli.Option,6,0,0,
java.org.apache.commons.cli.OptionValidator,1,0,0,
java.org.apache.commons.cli.GnuParser,1,0,0,
java.org.apache.commons.cli.CommandLine,1,0,0,
java.org.apache.commons.cli.HelpFormatter,10,0,0,
java.org.apache.commons.cli.DefaultParser,9,0,0,
java.org.apache.commons.cli.TypeHandler,1,0,0,
java.org.apache.commons.cli.PatternOptionBuilder,3,0,0,
java.org.apache.commons.cli.Parser,3,0,0,
java.org.apache.commons.cli.Util,1,0,0,
