java.org.joda.time.DateTimeConstants,1,0,0,
java.org.joda.time.convert.ConverterSet,7,0,0,
java.org.joda.time.tz.ZoneInfoProvider,2,0,0,
java.org.joda.time.DateTime,5,0,0,
java.org.joda.time.base.AbstractInstant,2,0,0,
java.org.joda.time.YearMonth,2,0,0,
java.org.joda.time.chrono.JulianChronology,5,0,0,
java.org.joda.time.convert.ConverterManager,3,0,0,
java.org.joda.time.LocalTime,6,0,0,
java.org.joda.time.chrono.EthiopicChronology,4,0,0,
java.org.joda.time.base.AbstractDuration,2,0,0,
java.org.joda.time.chrono.BasicWeekOfWeekyearDateTimeField,1,0,0,
java.org.joda.time.chrono.LimitChronology,5,0,0,
java.org.joda.time.base.AbstractPartial,6,0,0,
java.org.joda.time.field.DividedDateTimeField,5,0,0,
java.org.joda.time.Years,1,0,0,
java.org.joda.time.field.OffsetDateTimeField,1,0,0,
java.org.joda.time.field.AbstractPartialFieldProperty,2,0,0,
java.org.joda.time.Period,14,0,0,
java.org.joda.time.DateTimeComparator,4,0,0,
java.org.joda.time.format.DateTimeFormatter,5,0,0,
java.org.joda.time.chrono.GJChronology,13,0,0,
java.org.joda.time.field.PreciseDurationField,1,0,0,
java.org.joda.time.format.ISODateTimeFormat,12,0,0,
java.org.joda.time.Days,2,0,0,
java.org.joda.time.chrono.AssembledChronology,8,0,0,
java.org.joda.time.field.ScaledDurationField,2,0,0,
java.org.joda.time.format.PeriodFormat,1,0,0,
java.org.joda.time.field.BaseDateTimeField,9,0,0,
java.org.joda.time.LocalDate,8,0,0,
java.org.joda.time.format.DateTimeFormat,12,0,0,
java.org.joda.time.Minutes,2,0,0,
java.org.joda.time.base.AbstractInterval,5,0,0,
java.org.joda.time.convert.StringConverter,6,0,0,
java.org.joda.time.DateTimeUtils,3,0,0,
java.org.joda.time.Duration,3,0,0,
java.org.joda.time.chrono.BasicDayOfYearDateTimeField,1,0,0,
java.org.joda.time.YearMonthDay,2,0,0,
java.org.joda.time.tz.ZoneInfoCompiler,15,0,0,
java.org.joda.time.chrono.BasicFixedMonthChronology,3,0,0,
java.org.joda.time.chrono.BasicYearDateTimeField,1,0,0,
java.org.joda.time.chrono.IslamicChronology,11,0,0,
java.org.joda.time.chrono.BasicGJChronology,10,0,0,
java.org.joda.time.base.BaseSingleFieldPeriod,4,0,0,
java.org.joda.time.format.DateTimeParserBucket,6,0,0,
java.org.joda.time.MonthDay,2,0,0,
java.org.joda.time.base.AbstractPeriod,2,0,0,
java.org.joda.time.Weeks,1,0,0,
java.org.joda.time.Instant,1,0,0,
java.org.joda.time.TimeOfDay,1,0,0,
java.org.joda.time.Seconds,2,0,0,
java.org.joda.time.MutableDateTime,3,0,0,
java.org.joda.time.chrono.ISOChronology,1,0,0,
java.org.joda.time.MutableInterval,1,0,0,
java.org.joda.time.Hours,2,0,0,
java.org.joda.time.tz.CachedDateTimeZone,4,0,0,
java.org.joda.time.base.BaseInterval,1,0,0,
java.org.joda.time.format.PeriodFormatterBuilder,47,0,0,
java.org.joda.time.field.UnsupportedDateTimeField,1,0,0,
java.org.joda.time.field.AbstractReadableInstantFieldProperty,2,0,0,
java.org.joda.time.chrono.BaseChronology,3,0,0,
java.org.joda.time.field.FieldUtils,10,0,0,
java.org.joda.time.Partial,11,0,0,
java.org.joda.time.chrono.CopticChronology,4,0,0,
java.org.joda.time.chrono.LenientChronology,1,0,0,
java.org.joda.time.chrono.StrictChronology,1,0,0,
java.org.joda.time.Months,1,0,0,
java.org.joda.time.format.DateTimeFormatterBuilder,53,0,0,
java.org.joda.time.field.PreciseDateTimeField,2,0,0,
java.org.joda.time.format.FormatUtils,16,0,0,
java.org.joda.time.field.SkipDateTimeField,1,0,0,
java.org.joda.time.tz.FixedDateTimeZone,1,0,0,
java.org.joda.time.chrono.BasicMonthOfYearDateTimeField,8,0,0,
java.org.joda.time.LocalDateTime,8,0,0,
java.org.joda.time.chrono.GJCacheKey,2,0,0,
java.org.joda.time.IllegalFieldValueException,1,0,0,
java.org.joda.time.DateTimeZone,18,0,0,
java.org.joda.time.tz.DateTimeZoneBuilder,42,0,0,
java.org.joda.time.field.PreciseDurationDateTimeField,3,0,0,
java.org.joda.time.DateMidnight,3,0,0,
java.org.joda.time.chrono.GJLocaleSymbols,3,0,0,
java.org.joda.time.chrono.BasicWeekyearDateTimeField,3,0,0,
java.org.joda.time.chrono.GregorianChronology,6,0,0,
java.org.joda.time.base.BasePeriod,5,0,0,
java.org.joda.time.PeriodType,19,0,0,
java.org.joda.time.field.RemainderDateTimeField,2,0,0,
java.org.joda.time.chrono.BasicChronology,13,0,0,
java.org.joda.time.chrono.BuddhistChronology,1,0,0,
java.org.joda.time.field.SkipUndoDateTimeField,1,0,0,
java.org.joda.time.chrono.ZonedChronology,10,0,0,
java.org.joda.time.format.PeriodFormatter,1,0,0,
java.org.joda.time.tz.DefaultNameProvider,5,0,0,
java.org.joda.time.field.ImpreciseDateTimeField,2,0,0,
java.org.joda.time.Interval,2,0,0,
