java.org.apache.commons.codec.binary.StringUtils,5,0,0
java.org.apache.commons.codec.net.RFC1522Codec,6,0,0
java.org.apache.commons.codec.binary.CharSequenceUtils,5,0,0
java.org.apache.commons.codec.language.Soundex,14,0,0
java.org.apache.commons.codec.binary.BinaryCodec,25,0,0
java.org.apache.commons.codec.language.ColognePhonetic,29,0,0
java.org.apache.commons.codec.language.DoubleMetaphone,200,0,0
java.org.apache.commons.codec.net.Utils,1,0,0
java.org.apache.commons.codec.binary.Base32,157,0,0
java.org.apache.commons.codec.language.bm.Lang,2,0,0
java.org.apache.commons.codec.binary.Base64,96,0,0
java.org.apache.commons.codec.net.URLCodec,14,0,0
java.org.apache.commons.codec.language.Metaphone,47,0,0
java.org.apache.commons.codec.binary.Hex,10,0,0
java.org.apache.commons.codec.digest.Md5Crypt,14,0,0
java.org.apache.commons.codec.net.QCodec,10,0,0
java.org.apache.commons.codec.language.DaitchMokotoffSoundex,27,0,0
java.org.apache.commons.codec.digest.HmacUtils,1,0,0
java.org.apache.commons.codec.language.RefinedSoundex,4,0,0
java.org.apache.commons.codec.language.Nysiis,29,0,0
java.org.apache.commons.codec.binary.BaseNCodecInputStream,10,0,0
java.org.apache.commons.codec.language.MatchRatingApproachEncoder,29,0,0
java.org.apache.commons.codec.language.bm.BeiderMorseEncoder,1,0,0
java.org.apache.commons.codec.language.Caverphone2,2,0,0
java.org.apache.commons.codec.language.Caverphone1,2,0,0
java.org.apache.commons.codec.digest.DigestUtils,1,0,0
java.org.apache.commons.codec.Charsets,1,0,0
java.org.apache.commons.codec.language.bm.Languages,3,0,0
java.org.apache.commons.codec.binary.BaseNCodecOutputStream,5,0,0
java.org.apache.commons.codec.language.bm.PhoneticEngine,11,0,0
java.org.apache.commons.codec.language.bm.Rule,35,0,0
java.org.apache.commons.codec.binary.BaseNCodec,24,0,0
java.org.apache.commons.codec.net.QuotedPrintableCodec,29,0,0
java.org.apache.commons.codec.net.BCodec,4,0,0
java.org.apache.commons.codec.digest.B64,6,0,0
java.org.apache.commons.codec.digest.Sha2Crypt,20,0,0
java.org.apache.commons.codec.digest.UnixCrypt,92,0,0
java.org.apache.commons.codec.language.SoundexUtils,7,0,0
,,,
,978,0,0
