java.org.apache.commons.fileupload.FileUploadBase,34,0,0,
java.org.apache.commons.fileupload.util.Streams,6,0,0,
java.org.apache.commons.fileupload.ParameterParser,27,0,0,
java.org.apache.commons.fileupload.util.mime.Base64Decoder,15,0,0,
java.org.apache.commons.fileupload.MultipartStream,47,0,0,
java.org.apache.commons.fileupload.util.mime.QuotedPrintableDecoder,9,0,0,
java.org.apache.commons.fileupload.util.LimitedInputStream,3,0,0,
java.org.apache.commons.fileupload.disk.DiskFileItem,12,0,0,
java.org.apache.commons.fileupload.util.FileItemHeadersImpl,2,0,0,
java.org.apache.commons.fileupload.util.mime.MimeUtility,18,0,0,
java.org.apache.commons.fileupload.FileUploadException,1,0,0,
