java.org.apache.commons.lang3.AnnotationUtils,14,0,0,
java.org.apache.commons.lang3.time.FormatCache,7,0,0,
java.org.apache.commons.lang3.BooleanUtils,67,1,0,
java.org.apache.commons.lang3.text.translate.UnicodeUnescaper,13,0,0,
java.org.apache.commons.lang3.ObjectUtils,22,0,0,
java.org.apache.commons.lang3.concurrent.BasicThreadFactory,4,0,0,
java.org.apache.commons.lang3.reflect.MethodUtils,13,0,0,
java.org.apache.commons.lang3.concurrent.ConcurrentUtils,10,0,0,
java.org.apache.commons.lang3.builder.IDKey,1,0,0,
java.org.apache.commons.lang3.math.IEEE754rUtils,8,0,0,
java.org.apache.commons.lang3.text.translate.CharSequenceTranslator,7,0,0,
java.org.apache.commons.lang3.SerializationUtils,4,0,0,
java.org.apache.commons.lang3.mutable.MutableDouble,5,0,0,
java.org.apache.commons.lang3.builder.ToStringBuilder,3,0,0,
java.org.apache.commons.lang3.JavaVersion,5,0,0,
java.org.apache.commons.lang3.concurrent.AtomicInitializer,1,0,0,
java.org.apache.commons.lang3.text.translate.OctalUnescaper,11,0,0,
java.org.apache.commons.lang3.reflect.InheritanceUtils,4,0,0,
java.org.apache.commons.lang3.reflect.FieldUtils,17,0,0,
java.org.apache.commons.lang3.Range,22,0,0,
java.org.apache.commons.lang3.RandomUtils,10,0,0,
java.org.apache.commons.lang3.text.ExtendedMessageFormat,31,0,0,
java.org.apache.commons.lang3.builder.RecursiveToStringStyle,2,0,0,
java.org.apache.commons.lang3.concurrent.LazyInitializer,1,0,0,
java.org.apache.commons.lang3.builder.DiffResult,2,0,0,
java.org.apache.commons.lang3.LocaleUtils,25,0,0,
java.org.apache.commons.lang3.RandomStringUtils,23,1,0,
java.org.apache.commons.lang3.text.StrBuilder,254,0,0,
java.org.apache.commons.lang3.reflect.ConstructorUtils,4,0,0,
java.org.apache.commons.lang3.concurrent.ConstantInitializer,1,0,0,
java.org.apache.commons.lang3.Conversion,265,0,0,
java.org.apache.commons.lang3.builder.CompareToBuilder,91,0,0,
java.org.apache.commons.lang3.text.translate.LookupTranslator,4,1,0,
java.org.apache.commons.lang3.time.DateUtils,71,0,0,
java.org.apache.commons.lang3.mutable.MutableLong,4,0,0,
java.org.apache.commons.lang3.mutable.MutableInt,3,0,0,
java.org.apache.commons.lang3.CharUtils,19,0,0,
java.org.apache.commons.lang3.text.WordUtils,22,0,0,
java.org.apache.commons.lang3.reflect.TypeUtils,67,0,0,
java.org.apache.commons.lang3.CharSetUtils,8,0,0,
java.org.apache.commons.lang3.tuple.Triple,4,0,0,
java.org.apache.commons.lang3.SystemUtils,10,0,0,
java.org.apache.commons.lang3.StringUtils,477,0,0,
java.org.apache.commons.lang3.text.translate.EntityArrays,1,0,0,
java.org.apache.commons.lang3.text.StrTokenizer,32,0,0,
java.org.apache.commons.lang3.mutable.MutableByte,4,0,0,
java.org.apache.commons.lang3.math.Fraction,101,0,0,
java.org.apache.commons.lang3.time.StopWatch,12,0,0,
java.org.apache.commons.lang3.text.FormattableUtils,6,0,0,
java.org.apache.commons.lang3.time.DurationFormatUtils,50,0,0,
java.org.apache.commons.lang3.BitField,8,0,0,
java.org.apache.commons.lang3.mutable.MutableFloat,4,0,0,
java.org.apache.commons.lang3.reflect.TypeLiteral,2,0,0,
java.org.apache.commons.lang3.text.translate.UnicodeUnpairedSurrogateRemover,1,0,0,
java.org.apache.commons.lang3.reflect.MemberUtils,19,0,0,
java.org.apache.commons.lang3.text.StrMatcher,7,0,0,
java.org.apache.commons.lang3.time.FastDateParser,28,0,0,
java.org.apache.commons.lang3.exception.DefaultExceptionContext,2,0,0,
java.org.apache.commons.lang3.CharSet,16,0,0,
java.org.apache.commons.lang3.mutable.MutableShort,4,0,0,
java.org.apache.commons.lang3.ArrayUtils,391,0,0,
java.org.apache.commons.lang3.text.translate.NumericEntityEscaper,3,0,0,
java.org.apache.commons.lang3.text.StrSubstitutor,38,0,0,
java.org.apache.commons.lang3.mutable.MutableBoolean,2,0,0,
java.org.apache.commons.lang3.event.EventUtils,1,0,0,
java.org.apache.commons.lang3.CharRange,21,0,0,
java.org.apache.commons.lang3.ClassUtils,61,0,0,
java.org.apache.commons.lang3.builder.MultilineRecursiveToStringStyle,16,0,0,
java.org.apache.commons.lang3.tuple.Pair,2,0,0,
java.org.apache.commons.lang3.Validate,35,1,0,
java.org.apache.commons.lang3.math.NumberUtils,133,0,0,
java.org.apache.commons.lang3.CharSequenceUtils,11,1,0,
java.org.apache.commons.lang3.builder.ToStringStyle,59,0,0,
java.org.apache.commons.lang3.builder.HashCodeBuilder,30,1,0,
java.org.apache.commons.lang3.exception.ExceptionUtils,27,0,0,
java.org.apache.commons.lang3.text.StrLookup,1,0,0,
java.org.apache.commons.lang3.builder.ReflectionToStringBuilder,10,0,0,
java.org.apache.commons.lang3.time.FastDatePrinter,60,0,0,
java.org.apache.commons.lang3.mutable.MutableObject,2,0,0,
java.org.apache.commons.lang3.builder.DiffBuilder,21,0,0,
java.org.apache.commons.lang3.concurrent.TimedSemaphore,7,0,0,
java.org.apache.commons.lang3.builder.EqualsBuilder,65,0,0,
java.org.apache.commons.lang3.EnumUtils,14,0,0,
java.org.apache.commons.lang3.concurrent.BackgroundInitializer,2,0,0,
java.org.apache.commons.lang3.text.translate.NumericEntityUnescaper,19,0,0,
java.org.apache.commons.lang3.StringEscapeUtils,3,1,0,
java.org.apache.commons.lang3.concurrent.MultiBackgroundInitializer,2,0,0,
java.org.apache.commons.lang3.text.translate.UnicodeEscaper,7,0,0,
