java.org.joda.time.chrono.BasicSingleEraDateTimeField,1,0,0
java.org.joda.time.DateTimeConstants,5,0,0
java.org.joda.time.convert.ConverterSet,31,0,0
java.org.joda.time.tz.ZoneInfoProvider,10,0,0
java.org.joda.time.DateTime,23,0,0
java.org.joda.time.base.AbstractInstant,9,0,0
java.org.joda.time.field.UnsupportedDateTimeField,3,1,0
java.org.joda.time.chrono.JulianChronology,21,0,0
java.org.joda.time.convert.ConverterManager,15,0,0
java.org.joda.time.LocalTime,25,0,0
java.org.joda.time.chrono.EthiopicChronology,17,0,0
java.org.joda.time.base.AbstractDuration,10,0,0
java.org.joda.time.DurationField,2,0,0
java.org.joda.time.field.DelegatedDateTimeField,2,0,0
java.org.joda.time.Months,7,0,0
java.org.joda.time.MutablePeriod,2,0,0
java.org.joda.time.chrono.LimitChronology,21,0,0
java.org.joda.time.base.AbstractPartial,26,0,0
java.org.joda.time.field.DividedDateTimeField,19,0,1
java.org.joda.time.Years,7,0,0
java.org.joda.time.field.OffsetDateTimeField,5,0,0
java.org.joda.time.field.AbstractPartialFieldProperty,10,0,0
java.org.joda.time.Period,58,0,0
java.org.joda.time.DateTimeComparator,16,0,0
java.org.joda.time.format.DateTimeFormatter,23,0,0
java.org.joda.time.chrono.GJChronology,51,1,1
java.org.joda.time.field.PreciseDurationField,6,0,0
java.org.joda.time.convert.ReadablePartialConverter,1,0,0
java.org.joda.time.format.ISODateTimeFormat,48,0,0
java.org.joda.time.chrono.GJEraDateTimeField,2,0,0
java.org.joda.time.Days,8,0,0
java.org.joda.time.chrono.AssembledChronology,34,0,0
java.org.joda.time.field.ScaledDurationField,11,0,0
java.org.joda.time.field.DecoratedDateTimeField,1,0,0
java.org.joda.time.field.DecoratedDurationField,1,0,0
java.org.joda.time.field.MillisDurationField,2,0,0
java.org.joda.time.format.PeriodFormat,4,0,0
java.org.joda.time.field.BaseDateTimeField,39,0,0
java.org.joda.time.LocalDate,34,1,0
java.org.joda.time.format.DateTimeFormat,47,1,0
java.org.joda.time.Minutes,9,0,0
java.org.joda.time.base.AbstractInterval,23,0,0
java.org.joda.time.convert.StringConverter,27,0,0
java.org.joda.time.DurationFieldType,1,0,0
java.org.joda.time.DateTimeUtils,15,0,0
java.org.joda.time.Duration,12,0,0
java.org.joda.time.chrono.BasicDayOfYearDateTimeField,4,0,0
java.org.joda.time.YearMonthDay,8,0,0
java.org.joda.time.tz.ZoneInfoCompiler,59,0,1
java.org.joda.time.chrono.BasicFixedMonthChronology,13,0,0
java.org.joda.time.chrono.BasicYearDateTimeField,4,0,0
java.org.joda.time.chrono.IslamicChronology,46,0,0
java.org.joda.time.chrono.BasicGJChronology,42,0,0
java.org.joda.time.chrono.ISOYearOfEraDateTimeField,2,0,0
java.org.joda.time.base.BaseSingleFieldPeriod,19,0,0
java.org.joda.time.format.DateTimeParserBucket,26,0,0
java.org.joda.time.base.AbstractDateTime,2,0,0
java.org.joda.time.MonthDay,9,0,0
java.org.joda.time.convert.ReadableIntervalConverter,2,0,0
java.org.joda.time.base.AbstractPeriod,10,0,0
java.org.joda.time.Weeks,7,0,0
java.org.joda.time.chrono.BasicDayOfMonthDateTimeField,3,0,0
java.org.joda.time.Instant,3,1,0
java.org.joda.time.TimeOfDay,7,0,0
java.org.joda.time.Seconds,9,0,0
java.org.joda.time.MutableDateTime,15,0,0
java.org.joda.time.chrono.ISOChronology,6,0,0
java.org.joda.time.field.UnsupportedDurationField,3,0,0
java.org.joda.time.MutableInterval,5,0,0
java.org.joda.time.Hours,8,0,0
java.org.joda.time.chrono.BasicWeekOfWeekyearDateTimeField,7,0,0
java.org.joda.time.convert.ReadableDurationConverter,1,0,0
java.org.joda.time.base.BaseInterval,4,0,0
java.org.joda.time.field.DelegatedDurationField,2,0,0
java.org.joda.time.format.InternalParserDateTimeParser,1,0,0
java.org.joda.time.format.PeriodFormatterBuilder,187,1,0
java.org.joda.time.YearMonth,10,0,0
java.org.joda.time.field.AbstractReadableInstantFieldProperty,9,0,0
java.org.joda.time.chrono.BaseChronology,15,0,0
java.org.joda.time.field.FieldUtils,41,0,0
java.org.joda.time.Partial,44,0,0
java.org.joda.time.chrono.CopticChronology,17,0,0
java.org.joda.time.chrono.LenientChronology,5,0,0
java.org.joda.time.chrono.StrictChronology,5,0,0
java.org.joda.time.format.DateTimeFormatterBuilder,214,0,0
java.org.joda.time.field.PreciseDateTimeField,9,0,0
java.org.joda.time.format.FormatUtils,66,1,0
java.org.joda.time.field.SkipDateTimeField,5,0,0
java.org.joda.time.tz.FixedDateTimeZone,6,0,0
java.org.joda.time.chrono.BasicMonthOfYearDateTimeField,35,0,0
java.org.joda.time.LocalDateTime,34,0,0
java.org.joda.time.chrono.GJCacheKey,8,1,0
java.org.joda.time.IllegalFieldValueException,4,0,0
java.org.joda.time.DateTimeZone,72,0,0
java.org.joda.time.tz.DateTimeZoneBuilder,167,1,1
java.org.joda.time.field.ImpreciseDateTimeField,8,0,0
java.org.joda.time.field.PreciseDurationDateTimeField,12,0,0
java.org.joda.time.DateMidnight,15,0,0
java.org.joda.time.chrono.GJLocaleSymbols,13,0,0
java.org.joda.time.chrono.BasicWeekyearDateTimeField,15,0,0
java.org.joda.time.field.StrictDateTimeField,1,0,0
java.org.joda.time.tz.CachedDateTimeZone,16,0,0
java.org.joda.time.chrono.GregorianChronology,24,0,0
java.org.joda.time.IllegalInstantException,1,1,0
java.org.joda.time.base.BasePeriod,21,0,0
java.org.joda.time.PeriodType,76,0,0
java.org.joda.time.convert.CalendarConverter,1,0,0
java.org.joda.time.field.ZeroIsMaxDateTimeField,3,0,0
java.org.joda.time.field.RemainderDateTimeField,9,0,0
java.org.joda.time.chrono.BasicChronology,53,0,0
java.org.joda.time.chrono.BuddhistChronology,6,0,0
java.org.joda.time.DateTimeFieldType,2,0,0
java.org.joda.time.field.SkipUndoDateTimeField,4,0,0
java.org.joda.time.base.BasePartial,1,0,0
java.org.joda.time.chrono.ZonedChronology,40,0,0
java.org.joda.time.chrono.GJYearOfEraDateTimeField,2,0,0
java.org.joda.time.format.PeriodFormatter,6,0,0
java.org.joda.time.tz.DefaultNameProvider,18,2,0
java.org.joda.time.convert.ReadableInstantConverter,2,0,0
java.org.joda.time.field.BaseDurationField,3,0,0
java.org.joda.time.format.InternalPrinterDateTimePrinter,1,0,0
java.org.joda.time.Interval,9,0,0
java.org.joda.time.format.ISOPeriodFormat,2,0,0
,,,
,2388,12,4
