java.com.addthis.codec.binary.CodecBin2,0,25,25
java.com.addthis.codec.reflection.CodableFieldInfo,1,16,17
java.org.apache.commons.cli.DefaultParser,0,19,19
java.org.apache.commons.cli.HelpFormatter,0,21,21
java.org.apache.commons.cli.Option,0,12,12
java.org.apache.commons.codec.binary.Base32,4,74,78
java.org.apache.commons.codec.binary.Base64,0,48,48
java.org.apache.commons.codec.binary.BaseNCodec,0,12,12
java.org.apache.commons.codec.binary.BinaryCodec,0,12,12
java.org.apache.commons.codec.digest.UnixCrypt,1,45,46
java.org.apache.commons.codec.language.ColognePhonetic,0,14,14
java.org.apache.commons.codec.language.DaitchMokotoffSoundex,0,13,13
java.org.apache.commons.codec.language.DoubleMetaphone,0,100,100
java.org.apache.commons.codec.language.MatchRatingApproachEncoder,0,14,14
java.org.apache.commons.codec.language.Metaphone,0,23,23
java.org.apache.commons.codec.language.Nysiis,0,14,14
java.org.apache.commons.codec.language.bm.Rule,0,17,17
java.org.apache.commons.codec.net.QuotedPrintableCodec,0,14,14
java.org.apache.commons.fileupload.FileUploadBase,1,16,17
java.org.apache.commons.fileupload.MultipartStream,0,23,23
java.org.apache.commons.fileupload.ParameterParser,0,13,13
java.org.apache.commons.lang3.ArrayUtils,0,195,195
java.org.apache.commons.lang3.BooleanUtils,0,34,34
java.org.apache.commons.lang3.ClassUtils,0,30,30
java.org.apache.commons.lang3.Conversion,1,131,132
java.org.apache.commons.lang3.LocaleUtils,0,12,12
java.org.apache.commons.lang3.ObjectUtils,0,11,11
java.org.apache.commons.lang3.RandomStringUtils,0,12,12
java.org.apache.commons.lang3.Range,0,11,11
java.org.apache.commons.lang3.StringUtils,0,238,238
java.org.apache.commons.lang3.Validate,0,18,18
java.org.apache.commons.lang3.builder.CompareToBuilder,0,45,45
java.org.apache.commons.lang3.builder.EqualsBuilder,0,32,32
java.org.apache.commons.lang3.builder.HashCodeBuilder,0,15,15
java.org.apache.commons.lang3.builder.ToStringStyle,0,29,29
java.org.apache.commons.lang3.exception.ExceptionUtils,0,13,13
java.org.apache.commons.lang3.math.Fraction,0,50,50
java.org.apache.commons.lang3.math.NumberUtils,0,66,66
java.org.apache.commons.lang3.reflect.TypeUtils,1,32,33
java.org.apache.commons.lang3.text.ExtendedMessageFormat,1,14,15
java.org.apache.commons.lang3.text.StrBuilder,0,127,127
java.org.apache.commons.lang3.text.StrSubstitutor,0,19,19
java.org.apache.commons.lang3.text.StrTokenizer,0,16,16
java.org.apache.commons.lang3.text.WordUtils,0,11,11
java.org.apache.commons.lang3.time.DateUtils,0,35,35
java.org.apache.commons.lang3.time.DurationFormatUtils,0,25,25
java.org.apache.commons.lang3.time.FastDateParser,0,14,14
java.org.apache.commons.lang3.time.FastDatePrinter,0,30,30
java.com.github.kevinsawicki.http.HttpRequest,0,56,56
jdepend.framework.ClassFileParser,0,22,22
java.org.jgrapht.alg.KuhnMunkresMinimalWeightBipartitePerfectMatching,0,31,31
java.org.jgrapht.experimental.alg.color.GreedyColoring,0,12,12
java.org.jgrapht.experimental.dag.DirectedAcyclicGraph,0,17,17
java.org.jgrapht.util.FibonacciHeap,0,13,13
java.org.joda.time.DateTime,0,11,11
java.org.joda.time.DateTimeZone,0,36,36
java.org.joda.time.LocalDate,0,17,17
java.org.joda.time.LocalDateTime,0,17,17
java.org.joda.time.LocalTime,0,12,12
java.org.joda.time.Partial,0,22,22
java.org.joda.time.Period,0,29,29
java.org.joda.time.PeriodType,0,38,38
java.org.joda.time.base.AbstractInterval,0,11,11
java.org.joda.time.base.AbstractPartial,0,13,13
java.org.joda.time.chrono.AssembledChronology,0,17,17
java.org.joda.time.chrono.BasicChronology,0,26,26
java.org.joda.time.chrono.BasicGJChronology,0,21,21
java.org.joda.time.chrono.BasicMonthOfYearDateTimeField,0,17,17
java.org.joda.time.chrono.GJChronology,3,23,26
java.org.joda.time.chrono.GregorianChronology,0,12,12
java.org.joda.time.chrono.IslamicChronology,0,23,23
java.org.joda.time.chrono.ZonedChronology,0,20,20
java.org.joda.time.convert.ConverterSet,0,15,15
java.org.joda.time.convert.StringConverter,0,13,13
java.org.joda.time.field.BaseDateTimeField,0,19,19
java.org.joda.time.field.FieldUtils,0,20,20
java.org.joda.time.format.DateTimeFormat,0,24,24
java.org.joda.time.format.DateTimeFormatter,0,11,11
java.org.joda.time.format.DateTimeFormatterBuilder,0,107,107
java.org.joda.time.format.DateTimeParserBucket,0,13,13
java.org.joda.time.format.FormatUtils,5,28,33
java.org.joda.time.format.ISODateTimeFormat,0,24,24
java.org.joda.time.format.PeriodFormatterBuilder,0,94,94
java.org.joda.time.tz.DateTimeZoneBuilder,1,83,84
java.org.joda.time.tz.ZoneInfoCompiler,0,30,30
java.org.jsoup.helper.HttpConnection,6,11,17
java.org.jsoup.nodes.Element,0,20,20
java.org.jsoup.nodes.Node,0,14,14
java.org.jsoup.parser.CharacterReader,0,44,44
java.org.jsoup.parser.HtmlTreeBuilder,0,25,25
java.org.jsoup.parser.HtmlTreeBuilderState,0,37,37
java.org.jsoup.parser.TokenQueue,0,17,17
java.org.jsoup.select.Evaluator,0,15,15
java.net.sf.jsqlparser.util.deparser.SelectDeParser,0,12,12
java.com.grahamedgecombe.jterminal.vt100.Vt100TerminalModel,1,22,23
java.net.hydromatic.linq4j.EnumerableDefaults,0,13,13
java.net.hydromatic.linq4j.expressions.BlockBuilder,0,16,16
java.net.hydromatic.linq4j.expressions.Expressions,0,17,17
java.net.hydromatic.linq4j.expressions.OptimizeVisitor,0,17,17
java.net.hydromatic.linq4j.expressions.Primitive,1,13,14
java.net.hydromatic.linq4j.expressions.Types,1,13,14
java.sun.pitest.CodeCoverageStore,26,7,33
