java.org.apache.commons.lang3.text.StrLookup,1,0,0,
java.org.apache.commons.lang3.mutable.MutableBoolean,1,0,0,
java.org.apache.commons.lang3.time.DurationFormatUtils,33,0,0,
java.org.apache.commons.lang3.CharRange,14,0,0,
java.org.apache.commons.lang3.AnnotationUtils,9,0,0,
java.org.apache.commons.lang3.reflect.TypeUtils,44,1,0,
java.org.apache.commons.lang3.SerializationUtils,2,0,0,
java.org.apache.commons.lang3.builder.DiffResult,1,0,0,
java.org.apache.commons.lang3.builder.MultilineRecursiveToStringStyle,10,0,0,
java.org.apache.commons.lang3.time.StopWatch,8,0,0,
java.org.apache.commons.lang3.LocaleUtils,16,0,0,
java.org.apache.commons.lang3.BooleanUtils,45,0,0,
java.org.apache.commons.lang3.RandomStringUtils,16,0,0,
java.org.apache.commons.lang3.text.translate.UnicodeUnescaper,8,0,0,
java.org.apache.commons.lang3.exception.ExceptionUtils,18,0,0,
java.org.apache.commons.lang3.BitField,5,0,0,
java.org.apache.commons.lang3.Validate,24,0,0,
java.org.apache.commons.lang3.mutable.MutableFloat,2,0,0,
java.org.apache.commons.lang3.math.NumberUtils,88,0,0,
java.org.apache.commons.lang3.ObjectUtils,15,0,0,
java.org.apache.commons.lang3.concurrent.BasicThreadFactory,2,0,0,
java.org.apache.commons.lang3.text.StrBuilder,169,0,0,
java.org.apache.commons.lang3.CharSequenceUtils,8,0,0,
java.org.apache.commons.lang3.builder.EqualsBuilder,43,0,0,
java.org.apache.commons.lang3.builder.ToStringStyle,39,0,0,
java.org.apache.commons.lang3.mutable.MutableShort,2,0,0,
java.org.apache.commons.lang3.reflect.MethodUtils,8,0,0,
java.org.apache.commons.lang3.builder.HashCodeBuilder,21,0,0,
java.org.apache.commons.lang3.reflect.MemberUtils,12,0,0,
java.org.apache.commons.lang3.concurrent.ConstantInitializer,1,0,0,
java.org.apache.commons.lang3.text.translate.LookupTranslator,3,0,0,
java.org.apache.commons.lang3.concurrent.ConcurrentUtils,6,0,0,
java.org.apache.commons.lang3.builder.ToStringBuilder,2,0,0,
java.org.apache.commons.lang3.text.StrMatcher,4,0,0,
java.org.apache.commons.lang3.tuple.Triple,2,0,0,
java.org.apache.commons.lang3.time.FormatCache,5,0,0,
java.org.apache.commons.lang3.Conversion,176,0,0,
java.org.apache.commons.lang3.builder.IDKey,1,0,0,
java.org.apache.commons.lang3.math.IEEE754rUtils,5,0,0,
java.org.apache.commons.lang3.builder.CompareToBuilder,60,0,0,
java.org.apache.commons.lang3.reflect.TypeLiteral,1,0,0,
java.org.apache.commons.lang3.reflect.InheritanceUtils,3,0,0,
java.org.apache.commons.lang3.text.translate.CharSequenceTranslator,4,0,0,
java.org.apache.commons.lang3.ClassUtils,41,0,0,
java.org.apache.commons.lang3.builder.ReflectionToStringBuilder,6,0,0,
java.org.apache.commons.lang3.time.FastDatePrinter,40,0,0,
java.org.apache.commons.lang3.mutable.MutableDouble,3,0,0,
java.org.apache.commons.lang3.text.translate.NumericEntityUnescaper,12,0,0,
java.org.apache.commons.lang3.mutable.MutableObject,1,0,0,
java.org.apache.commons.lang3.StringUtils,318,0,0,
java.org.apache.commons.lang3.time.DateUtils,47,0,0,
java.org.apache.commons.lang3.mutable.MutableLong,3,0,0,
java.org.apache.commons.lang3.JavaVersion,3,0,0,
java.org.apache.commons.lang3.mutable.MutableInt,2,0,0,
java.org.apache.commons.lang3.text.translate.NumericEntityEscaper,2,0,0,
java.org.apache.commons.lang3.reflect.ConstructorUtils,3,0,0,
java.org.apache.commons.lang3.math.Fraction,67,0,0,
java.org.apache.commons.lang3.CharSet,10,0,0,
java.org.apache.commons.lang3.builder.DiffBuilder,14,0,0,
java.org.apache.commons.lang3.text.translate.OctalUnescaper,7,0,0,
java.org.apache.commons.lang3.concurrent.TimedSemaphore,5,0,0,
java.org.apache.commons.lang3.CharUtils,13,0,0,
java.org.apache.commons.lang3.time.FastDateParser,19,0,0,
java.org.apache.commons.lang3.concurrent.MultiBackgroundInitializer,1,0,0,
java.org.apache.commons.lang3.concurrent.BackgroundInitializer,1,0,0,
java.org.apache.commons.lang3.ArrayUtils,260,0,0,
java.org.apache.commons.lang3.text.WordUtils,15,0,0,
java.org.apache.commons.lang3.exception.DefaultExceptionContext,1,0,0,
java.org.apache.commons.lang3.text.translate.UnicodeEscaper,4,0,0,
java.org.apache.commons.lang3.tuple.Pair,1,0,0,
java.org.apache.commons.lang3.reflect.FieldUtils,11,0,0,
java.org.apache.commons.lang3.Range,14,0,0,
java.org.apache.commons.lang3.CharSetUtils,5,0,0,
java.org.apache.commons.lang3.text.StrSubstitutor,25,0,0,
java.org.apache.commons.lang3.RandomUtils,7,0,0,
java.org.apache.commons.lang3.text.FormattableUtils,4,0,0,
java.org.apache.commons.lang3.SystemUtils,7,0,0,
java.org.apache.commons.lang3.text.translate.UnicodeUnpairedSurrogateRemover,1,0,0,
java.org.apache.commons.lang3.StringEscapeUtils,3,0,0,
java.org.apache.commons.lang3.EnumUtils,9,0,0,
java.org.apache.commons.lang3.text.ExtendedMessageFormat,20,0,0,
java.org.apache.commons.lang3.text.StrTokenizer,21,0,0,
java.org.apache.commons.lang3.mutable.MutableByte,2,0,0,
java.org.apache.commons.lang3.builder.RecursiveToStringStyle,1,0,0,
