java.br.com.caelum.vraptor.ioc.spring.SpringRegistry,1,0,0,
java.br.com.caelum.vraptor.serialization.xstream.Serializee,2,0,0,
java.br.com.caelum.vraptor.view.DefaultValidationViewsFactory,1,0,0,
java.br.com.caelum.vraptor.http.route.DefaultTypeFinder,2,0,0,
java.br.com.caelum.vraptor.interceptor.ParametersInstantiatorInterceptor,2,0,0,
java.br.com.caelum.vraptor.serialization.gson.Exclusions,1,0,0,
java.br.com.caelum.vraptor.ioc.pico.PicoProvider,1,0,0,
java.br.com.caelum.vraptor.util.Stringnifier,2,0,0,
java.br.com.caelum.vraptor.http.route.JavaEvaluator,4,0,0,
java.br.com.caelum.vraptor.view.DefaultPathResolver,2,0,0,
java.br.com.caelum.vraptor.restfulie.controller.ResourceControllerInterceptor,1,0,0,
java.br.com.caelum.vraptor.http.ognl.ArrayAccessor,2,0,0,
java.br.com.caelum.vraptor.ioc.guice.AbstractScope,1,0,0,
java.br.com.caelum.vraptor.ioc.ComponentFactoryIntrospector,1,0,0,
java.br.com.caelum.vraptor.http.route.PathAnnotationRoutesParser,6,0,0,
java.br.com.caelum.vraptor.view.LinkToHandler,4,0,0,
java.br.com.caelum.vraptor.validator.MethodValidatorInterceptor,1,0,0,
java.br.com.caelum.vraptor.core.DefaultInterceptorStack,1,0,0,
java.br.com.caelum.vraptor.interceptor.download.DownloadInterceptor,2,0,0,
java.br.com.caelum.vraptor.config.ApplicationConfiguration,1,0,0,
java.br.com.caelum.vraptor.scan.ScannotationComponentScanner,1,0,0,
java.br.com.caelum.vraptor.proxy.JavassistProxifier,1,0,0,
java.br.com.caelum.vraptor.core.DefaultConverters,2,0,0,
java.br.com.caelum.vraptor.http.ognl.VRaptorConvertersAdapter,2,0,0,
java.br.com.caelum.vraptor.util.ISO8601Util,3,0,0,
java.br.com.caelum.vraptor.http.ognl.ReflectionBasedNullHandler,4,0,0,
java.br.com.caelum.vraptor.deserialization.gson.GsonDeserialization,3,0,0,
java.br.com.caelum.vraptor.ioc.pico.PicoComponentRegistry,1,0,0,
java.br.com.caelum.vraptor.interceptor.ExceptionHandlerInterceptor,1,0,0,
java.br.com.caelum.vraptor.validator.Validations,1,0,0,
java.br.com.caelum.vraptor.ioc.guice.ScopeLifecycleListener,1,0,0,
java.br.com.caelum.vraptor.resource.DefaultResourceClass,2,0,0,
java.br.com.caelum.vraptor.deserialization.XStreamXMLDeserializer,1,0,0,
java.br.com.caelum.vraptor.view.DefaultLogicResult,2,0,0,
java.br.com.caelum.vraptor.http.ognl.OgnlParametersProvider,2,0,0,
java.br.com.caelum.vraptor.Path,1,0,0,
java.br.com.caelum.vraptor.http.ognl.EmptyElementsRemoval,3,0,0,
java.br.com.caelum.vraptor.VRaptor,1,0,0,
java.br.com.caelum.vraptor.interceptor.DeserializingInterceptor,2,0,0,
java.br.com.caelum.vraptor.http.route.DefaultParametersControl,4,0,0,
java.br.com.caelum.vraptor.serialization.xstream.OldAndProbablyBuggyConfigurer,2,0,0,
java.br.com.caelum.vraptor.core.DefaultExceptionMapper,1,0,0,
java.br.com.caelum.vraptor.scan.WebBasedClasspathResolver,1,0,0,
java.br.com.caelum.vraptor.ioc.spring.SpringBasedContainer,1,0,0,
java.br.com.caelum.vraptor.util.test.MockResult,2,0,0,
java.br.com.caelum.vraptor.validator.DefaultValidator,1,0,0,
java.br.com.caelum.vraptor.config.BasicConfiguration,2,0,0,
java.br.com.caelum.vraptor.scan.StandaloneClasspathResolver,2,0,0,
java.org.hamcrest.ResourceBundleDescription,5,0,0,
java.br.com.caelum.vraptor.resource.DefaultResourceMethod,2,0,1,
java.br.com.caelum.vraptor.http.route.FixedMethodStrategy,5,0,0,
java.br.com.caelum.vraptor.restfulie.serialization.LinkConverterJSON,1,0,0,
java.br.com.caelum.vraptor.serialization.PackageComparator,2,0,0,
java.br.com.caelum.vraptor.validator.I18nMessage,1,0,0,
java.br.com.caelum.vraptor.serialization.gson.GsonSerializer,4,0,0,
java.br.com.caelum.vraptor.view.DefaultAcceptHeaderToFormat,1,0,0,
java.br.com.caelum.vraptor.serialization.xstream.XStreamSerializer,2,0,0,
java.br.com.caelum.vraptor.scan.JavassistBootstrapGenerator,1,0,0,
java.br.com.caelum.vraptor.interceptor.Graph,1,0,0,
java.br.com.caelum.vraptor.validator.DefaultBeanValidator,2,0,0,
java.br.com.caelum.vraptor.serialization.DefaultXMLConfiguration,1,0,0,
java.br.com.caelum.vraptor.http.ognl.ListAccessor,1,0,0,
java.br.com.caelum.vraptor.core.JstlLocalization,3,0,0,
java.br.com.caelum.vraptor.core.DefaultStaticContentHandler,1,0,0,
java.br.com.caelum.vraptor.serialization.gson.PackageComparator,1,0,0,
java.br.com.caelum.vraptor.http.route.DefaultRouteBuilder,2,0,0,
java.br.com.caelum.vraptor.ioc.spring.InjectionBeanPostProcessor,1,0,0,
java.br.com.caelum.vraptor.util.StringUtils,6,0,0,
java.br.com.caelum.vraptor.http.iogi.VRaptorInstantiator,1,0,0,
java.br.com.caelum.vraptor.ioc.AbstractComponentRegistry,1,0,0,
java.br.com.caelum.vraptor.ioc.guice.GuiceComponentRegistry,2,0,0,
java.br.com.caelum.vraptor.serialization.xstream.VRaptorClassMapper,4,0,0,
java.br.com.caelum.vraptor.deserialization.JsonDeserializer,1,0,0,
