java.org.apache.commons.codec.binary.StringUtils,2,0,0,
java.org.apache.commons.codec.net.RFC1522Codec,3,0,0,
java.org.apache.commons.codec.binary.CharSequenceUtils,2,0,0,
java.org.apache.commons.codec.language.Soundex,7,0,0,
java.org.apache.commons.codec.binary.BinaryCodec,12,0,0,
java.org.apache.commons.codec.language.DoubleMetaphone,100,0,0,
java.org.apache.commons.codec.binary.Base32,78,0,0,
java.org.apache.commons.codec.language.bm.Lang,1,0,0,
java.org.apache.commons.codec.binary.Base64,48,0,0,
java.org.apache.commons.codec.net.URLCodec,7,0,0,
java.org.apache.commons.codec.language.Metaphone,23,0,0,
java.org.apache.commons.codec.binary.Hex,5,0,0,
java.org.apache.commons.codec.digest.Md5Crypt,7,0,0,
java.org.apache.commons.codec.net.QCodec,5,0,0,
java.org.apache.commons.codec.language.DaitchMokotoffSoundex,13,0,0,
java.org.apache.commons.codec.language.RefinedSoundex,2,0,0,
java.org.apache.commons.codec.language.Nysiis,14,0,0,
java.org.apache.commons.codec.binary.BaseNCodecInputStream,5,0,0,
java.org.apache.commons.codec.language.ColognePhonetic,14,0,0,
java.org.apache.commons.codec.language.Caverphone2,1,0,0,
java.org.apache.commons.codec.language.Caverphone1,1,0,0,
java.org.apache.commons.codec.language.MatchRatingApproachEncoder,14,0,0,
java.org.apache.commons.codec.language.bm.Languages,1,0,0,
java.org.apache.commons.codec.binary.BaseNCodecOutputStream,2,0,0,
java.org.apache.commons.codec.language.bm.PhoneticEngine,5,0,0,
java.org.apache.commons.codec.language.bm.Rule,17,0,0,
java.org.apache.commons.codec.binary.BaseNCodec,12,0,0,
java.org.apache.commons.codec.net.QuotedPrintableCodec,14,0,0,
java.org.apache.commons.codec.net.BCodec,2,0,0,
java.org.apache.commons.codec.digest.B64,3,0,0,
java.org.apache.commons.codec.digest.Sha2Crypt,10,0,0,
java.org.apache.commons.codec.digest.UnixCrypt,46,0,0,
java.org.apache.commons.codec.language.SoundexUtils,3,0,0,
