java.net.sf.jsqlparser.util.AddAliasesVisitor,1,0,0,
java.net.sf.jsqlparser.statement.select.Top,1,0,0,
java.net.sf.jsqlparser.expression.operators.relational.InExpression,2,0,0,
java.net.sf.jsqlparser.util.deparser.UpdateDeParser,2,0,0,
java.net.sf.jsqlparser.statement.update.Update,2,0,0,
java.net.sf.jsqlparser.util.deparser.InsertDeParser,1,0,0,
java.net.sf.jsqlparser.expression.SignedExpression,1,0,0,
java.net.sf.jsqlparser.statement.select.Distinct,1,0,0,
java.net.sf.jsqlparser.schema.Database,1,0,0,
java.net.sf.jsqlparser.statement.drop.Drop,1,0,0,
java.net.sf.jsqlparser.expression.ExpressionVisitorAdapter,3,0,0,
java.net.sf.jsqlparser.statement.select.WithItem,1,0,0,
java.net.sf.jsqlparser.statement.insert.Insert,1,0,0,
java.net.sf.jsqlparser.statement.select.Skip,1,0,0,
java.net.sf.jsqlparser.util.deparser.SelectDeParser,12,0,0,
java.net.sf.jsqlparser.statement.select.PlainSelect,7,0,0,
java.net.sf.jsqlparser.util.deparser.ExpressionDeParser,5,0,0,
java.net.sf.jsqlparser.statement.select.PivotXml,1,0,0,
java.net.sf.jsqlparser.expression.KeepExpression,1,0,0,
java.net.sf.jsqlparser.statement.select.Pivot,1,0,0,
java.net.sf.jsqlparser.expression.MySQLGroupConcat,1,0,0,
java.net.sf.jsqlparser.expression.operators.relational.OldOracleJoinBinaryExpression,3,0,0,
java.net.sf.jsqlparser.util.deparser.CreateTableDeParser,1,0,0,
java.net.sf.jsqlparser.statement.create.table.CreateTable,3,0,0,
java.net.sf.jsqlparser.statement.select.Join,2,0,0,
java.net.sf.jsqlparser.statement.select.First,1,0,0,
java.net.sf.jsqlparser.expression.Function,1,0,0,
java.net.sf.jsqlparser.statement.select.Limit,1,0,0,
java.net.sf.jsqlparser.expression.StringValue,1,0,0,
java.net.sf.jsqlparser.statement.select.SetOperationList,2,0,0,
java.net.sf.jsqlparser.statement.create.table.ColDataType,1,0,0,
java.net.sf.jsqlparser.schema.Server,3,0,0,
java.net.sf.jsqlparser.statement.replace.Replace,2,0,0,
java.net.sf.jsqlparser.util.SelectUtils,1,0,0,
java.net.sf.jsqlparser.util.TablesNamesFinder,5,0,0,
java.net.sf.jsqlparser.schema.Table,3,0,0,
java.net.sf.jsqlparser.util.deparser.ReplaceDeParser,2,0,0,
java.net.sf.jsqlparser.expression.AnalyticExpression,3,0,0,
java.net.sf.jsqlparser.util.ConnectExpressionsVisitor,1,0,0,
java.net.sf.jsqlparser.statement.select.SubSelect,1,0,0,
